,display_name,name,start_date,end_date,type
000001.XSHG,上证指数,SZZS,1991-07-15,2200-01-01,index
000002.XSHG,A股指数,AGZS,1992-02-21,2200-01-01,index
000003.XSHG,B股指数,BGZS,1992-02-21,2200-01-01,index
000004.XSHG,工业指数,GYZS,1993-05-03,2200-01-01,index
000005.XSHG,商业指数,SYZS,1993-05-03,2200-01-01,index
000006.XSHG,地产指数,DCZS,1993-05-03,2200-01-01,index
000007.XSHG,公用指数,GYZS,1993-05-03,2200-01-01,index
000008.XSHG,综合指数,ZHZS,1993-05-03,2200-01-01,index
000009.XSHG,上证380,SZ380,2010-11-29,2200-01-01,index
000010.XSHG,上证180,SZ180,2002-07-01,2200-01-01,index
000011.XSHG,基金指数,JJZS,2000-06-09,2200-01-01,index
000012.XSHG,国债指数,GZZS,2003-01-02,2200-01-01,index
000013.XSHG,上证企业债指数,QZZS,2003-06-09,2200-01-01,index
000015.XSHG,红利指数,HLZS,2005-01-04,2200-01-01,index
000016.XSHG,上证50,SZ50,2004-01-02,2200-01-01,index
000017.XSHG,新综指,XZZ,2006-01-04,2200-01-01,index
000018.XSHG,180金融,180JR,2007-12-10,2200-01-01,index
000019.XSHG,治理指数,ZLZS,2008-01-02,2200-01-01,index
000020.XSHG,中型综指,ZXZZ,2008-05-12,2200-01-01,index
000021.XSHG,180治理,180ZL,2008-09-10,2200-01-01,index
000022.XSHG,上证公司债指数,HGSZ,2008-11-19,2200-01-01,index
000025.XSHG,180基建,180JJ,2008-12-15,2200-01-01,index
000026.XSHG,180资源,180ZY,2008-12-15,2200-01-01,index
000027.XSHG,180运输,180YS,2008-12-15,2200-01-01,index
000028.XSHG,180成长,180CZ,2009-01-09,2200-01-01,index
000029.XSHG,180价值,180JZ,2009-01-09,2200-01-01,index
000030.XSHG,180R成长,180RCZ,2009-01-09,2200-01-01,index
000031.XSHG,180R价值,180RJZ,2009-01-09,2200-01-01,index
000032.XSHG,上证能源,SZNY,2009-01-09,2200-01-01,index
000033.XSHG,上证材料,SZCL,2009-01-09,2200-01-01,index
000034.XSHG,上证工业,SZGY,2009-01-09,2200-01-01,index
000035.XSHG,上证可选,SZKX,2009-01-09,2200-01-01,index
000036.XSHG,上证消费,SZXF,2009-01-09,2200-01-01,index
000037.XSHG,上证医药,SZYY,2009-01-09,2200-01-01,index
000038.XSHG,上证金融,SZJR,2009-01-09,2200-01-01,index
000039.XSHG,上证信息,SZXX,2009-01-09,2200-01-01,index
000040.XSHG,上证电信,SZDX,2009-01-09,2200-01-01,index
000041.XSHG,上证公用,SZGY,2009-01-09,2200-01-01,index
000042.XSHG,上证央企,SZYQ,2009-03-30,2200-01-01,index
000043.XSHG,超大盘,CDP,2009-04-23,2200-01-01,index
000044.XSHG,上证中盘,SZZP,2009-07-03,2200-01-01,index
000045.XSHG,上证小盘,SZXP,2009-07-03,2200-01-01,index
000046.XSHG,上证中小,SZZX,2009-07-03,2200-01-01,index
000047.XSHG,上证全指,SZQZ,2009-07-03,2200-01-01,index
000048.XSHG,责任指数,ZRZS,2009-08-05,2200-01-01,index
000049.XSHG,上证民企,SZMQ,2009-08-25,2200-01-01,index
000050.XSHG,50等权,50DQ,2011-01-04,2200-01-01,index
000051.XSHG,180等权,180DQ,2011-05-24,2200-01-01,index
000052.XSHG,50基本,50JB,2012-01-09,2200-01-01,index
000053.XSHG,180基本,180JB,2012-01-09,2200-01-01,index
000054.XSHG,上证海外,SZHW,2010-01-04,2200-01-01,index
000055.XSHG,上证地企,SZDQ,2010-01-04,2200-01-01,index
000056.XSHG,上证国企,SZGQ,2010-01-04,2200-01-01,index
000057.XSHG,全指成长,QZCZ,2010-01-04,2200-01-01,index
000058.XSHG,全指价值,QZJZ,2010-01-04,2200-01-01,index
000059.XSHG,全R成长,QRCZ,2010-01-04,2200-01-01,index
000060.XSHG,全R价值,QRJZ,2010-01-04,2200-01-01,index
000061.XSHG,沪企债30,HQZ30,2010-01-04,2200-01-01,index
000062.XSHG,上证沪企,SZHQ,2010-01-04,2200-01-01,index
000063.XSHG,上证周期,SZZQ,2010-02-03,2200-01-01,index
000064.XSHG,非周期,FZQ,2010-02-03,2200-01-01,index
000065.XSHG,上证龙头,SZLT,2010-02-09,2200-01-01,index
000066.XSHG,上证商品,SZSP,2010-04-30,2200-01-01,index
000067.XSHG,上证新兴,SZXX,2010-04-30,2200-01-01,index
000068.XSHG,上证资源,SZZY,2010-05-28,2200-01-01,index
000069.XSHG,消费80,XF80,2010-05-28,2200-01-01,index
000070.XSHG,能源等权,NYDQ,2010-08-18,2200-01-01,index
000071.XSHG,材料等权,CLDQ,2010-08-18,2200-01-01,index
000072.XSHG,工业等权,GYDQ,2010-08-18,2200-01-01,index
000073.XSHG,可选等权,KXDQ,2010-08-18,2200-01-01,index
000074.XSHG,消费等权,XFDQ,2010-08-18,2200-01-01,index
000075.XSHG,医药等权,YYDQ,2010-08-18,2200-01-01,index
000076.XSHG,金融等权,JRDQ,2010-08-18,2200-01-01,index
000077.XSHG,信息等权,XXDQ,2010-08-18,2200-01-01,index
000078.XSHG,电信等权,DXDQ,2010-08-18,2200-01-01,index
000079.XSHG,公用等权,GYDQ,2010-08-18,2200-01-01,index
000090.XSHG,上证流通,SZLT,2010-12-02,2200-01-01,index
000091.XSHG,沪财中小,HCZX,2011-04-06,2200-01-01,index
000092.XSHG,资源50,ZY50,2011-05-10,2200-01-01,index
000093.XSHG,180分层,180FC,2011-05-24,2200-01-01,index
000094.XSHG,上证上游,SZSY,2011-05-10,2200-01-01,index
000095.XSHG,上证中游,SZZY,2011-05-10,2200-01-01,index
000096.XSHG,上证下游,SZXY,2011-05-10,2200-01-01,index
000097.XSHG,高端装备,GDZB,2011-05-24,2200-01-01,index
000098.XSHG,上证F200,SZF200,2011-07-01,2200-01-01,index
000099.XSHG,上证F300,SZF300,2011-07-01,2200-01-01,index
000100.XSHG,上证F500,SZF500,2011-07-01,2200-01-01,index
000101.XSHG,5年信用,5NXY,2013-04-01,2200-01-01,index
000102.XSHG,沪投资品,HTZP,2011-06-13,2200-01-01,index
000103.XSHG,沪消费品,HXFP,2011-06-13,2200-01-01,index
000104.XSHG,380能源,380NY,2011-06-13,2200-01-01,index
000105.XSHG,380材料,380CL,2011-06-13,2200-01-01,index
000106.XSHG,380工业,380GY,2011-06-13,2200-01-01,index
000107.XSHG,380可选,380KX,2011-06-13,2200-01-01,index
000108.XSHG,380消费,380XF,2011-06-13,2200-01-01,index
000109.XSHG,380医药,380YY,2011-06-13,2200-01-01,index
000110.XSHG,380金融,380JR,2011-06-13,2200-01-01,index
000111.XSHG,380信息,380XX,2011-06-13,2200-01-01,index
000112.XSHG,380电信,380DX,2011-06-13,2200-01-01,index
000113.XSHG,380公用,380GY,2011-06-13,2200-01-01,index
000114.XSHG,持续产业,CXCY,2011-08-22,2200-01-01,index
000115.XSHG,380等权,380DQ,2011-08-12,2200-01-01,index
000116.XSHG,信用100,XY100,2013-02-26,2200-01-01,index
000117.XSHG,380成长,380CZ,2011-10-18,2200-01-01,index
000118.XSHG,380价值,380JZ,2011-10-18,2200-01-01,index
000119.XSHG,380R成长,380RCZ,2011-10-18,2200-01-01,index
000120.XSHG,380R价值,380RJZ,2011-10-18,2200-01-01,index
000121.XSHG,医药主题,YYZT,2011-10-18,2200-01-01,index
000122.XSHG,农业主题,NYZT,2011-10-18,2200-01-01,index
000123.XSHG,180动态,180DT,2013-02-08,2200-01-01,index
000125.XSHG,180稳定,180WD,2013-02-08,2200-01-01,index
000126.XSHG,消费50,XF50,2011-12-09,2200-01-01,index
000128.XSHG,380基本,380JB,2012-01-09,2200-01-01,index
000129.XSHG,180波动,180BD,2012-01-09,2200-01-01,index
000130.XSHG,380波动,380BD,2012-01-09,2200-01-01,index
000131.XSHG,上证高新,SZGX,2012-02-10,2200-01-01,index
000132.XSHG,上证100,SZ100,2012-04-20,2200-01-01,index
000133.XSHG,上证150,SZ150,2012-04-20,2200-01-01,index
000134.XSHG,上证银行,SZYH,2012-05-29,2200-01-01,index
000135.XSHG,180高贝,180GB,2012-08-06,2200-01-01,index
000136.XSHG,180低贝,180DB,2012-08-06,2200-01-01,index
000137.XSHG,380高贝,380GB,2012-08-06,2200-01-01,index
000138.XSHG,380低贝,380DB,2012-08-06,2200-01-01,index
000139.XSHG,上证转债,SZZZ,2012-09-12,2200-01-01,index
000141.XSHG,380动态,380DT,2013-02-08,2200-01-01,index
000142.XSHG,380稳定,380WD,2013-02-08,2200-01-01,index
000145.XSHG,优势资源,YSZY,2012-05-29,2200-01-01,index
000146.XSHG,优势制造,YSZZ,2012-05-29,2200-01-01,index
000147.XSHG,优势消费,YSXF,2012-05-29,2200-01-01,index
000148.XSHG,消费领先,XFLX,2012-05-29,2200-01-01,index
000149.XSHG,180红利,180HL,2012-07-20,2200-01-01,index
000150.XSHG,380红利,380HL,2012-07-20,2200-01-01,index
000151.XSHG,上国红利,SGHL,2012-07-20,2200-01-01,index
000152.XSHG,上央红利,SYHL,2012-07-20,2200-01-01,index
000153.XSHG,上民红利,SMHL,2012-07-20,2200-01-01,index
000155.XSHG,市值百强,SZBQ,2012-07-20,2200-01-01,index
000158.XSHG,上证环保,SZHB,2012-09-25,2200-01-01,index
000159.XSHG,上证沪股通指数,HGT,2014-11-17,2200-01-01,index
000160.XSHG,上证一带一路主题指数,HXSL,2015-06-24,2200-01-01,index
000161.XSHG,上证中国制造2025主题指数,HZGZ,2015-10-29,2200-01-01,index
000162.XSHG,上证互联网+主题指数,HHL+,2015-10-29,2200-01-01,index
000171.XSHG,新兴成指,XXCZ,2017-01-25,2200-01-01,index
000188.XSHG,中国波指,ZZBZ,2016-11-28,2018-02-14,index
000300.XSHG,沪深300,HS300,2005-04-08,2200-01-01,index
000801.XSHG,资源80,ZY80,2011-11-08,2200-01-01,index
000802.XSHG,500沪市,500HS,2011-11-08,2200-01-01,index
000803.XSHG,300波动,300BD,2012-01-09,2200-01-01,index
000804.XSHG,500波动,500BD,2012-01-09,2200-01-01,index
000805.XSHG,A股资源,AGZY,2012-01-06,2200-01-01,index
000806.XSHG,消费服务,XFFW,2012-02-10,2200-01-01,index
000807.XSHG,食品饮料,SPYL,2012-02-17,2200-01-01,index
000808.XSHG,医药生物,YYSW,2012-02-17,2200-01-01,index
000809.XSHG,细分农业,XFNY,2012-04-11,2200-01-01,index
000810.XSHG,细分能源,XFNY,2012-04-11,2200-01-01,index
000811.XSHG,细分有色,XFYS,2012-04-11,2200-01-01,index
000812.XSHG,细分机械,XFJX,2012-04-11,2200-01-01,index
000813.XSHG,细分化工,XFHG,2012-04-11,2200-01-01,index
000814.XSHG,细分医药,XFYY,2012-04-11,2200-01-01,index
000815.XSHG,细分食品,XFSP,2012-04-11,2200-01-01,index
000816.XSHG,细分地产,XFDC,2012-04-11,2200-01-01,index
000817.XSHG,兴证海峡,XZHX,2011-09-27,2018-04-11,index
000818.XSHG,细分金融,XFJR,2012-04-11,2200-01-01,index
000819.XSHG,有色金属,YSJS,2012-05-09,2200-01-01,index
000820.XSHG,煤炭指数,MTZS,2012-05-09,2200-01-01,index
000821.XSHG,300红利,300HL,2012-07-20,2200-01-01,index
000822.XSHG,500红利,500HL,2012-07-20,2200-01-01,index
000823.XSHG,中证800有色金属指数,800YS,2012-12-21,2200-01-01,index
000824.XSHG,国企红利,GQHL,2012-07-20,2200-01-01,index
000825.XSHG,央企红利,YQHL,2012-07-20,2200-01-01,index
000826.XSHG,民企红利,MQHL,2012-07-20,2200-01-01,index
000827.XSHG,中证环保,ZZHB,2012-09-25,2200-01-01,index
000828.XSHG,300高贝,300GB,2012-08-06,2200-01-01,index
000829.XSHG,300低贝,300DB,2012-08-06,2200-01-01,index
000830.XSHG,500高贝,500GB,2012-08-06,2200-01-01,index
000831.XSHG,500低贝,500DB,2012-08-06,2200-01-01,index
000832.XSHG,中证转债,ZZZZ,2012-09-12,2200-01-01,index
000833.XSHG,中高企债,ZGQZ,2012-09-10,2200-01-01,index
000838.XSHG,创业价值,CYJZ,2012-09-26,2200-01-01,index
000839.XSHG,浙企综指,ZQZZ,2012-11-09,2200-01-01,index
000840.XSHG,浙江民企,ZJMQ,2012-11-09,2200-01-01,index
000841.XSHG,800医药,800YY,2012-12-21,2200-01-01,index
000842.XSHG,800等权,800DQ,2012-12-21,2200-01-01,index
000843.XSHG,300动态,300DT,2013-01-07,2200-01-01,index
000844.XSHG,300稳定,300WD,2013-01-07,2200-01-01,index
000846.XSHG,ESG100,ESG100,2012-10-16,2200-01-01,index
000847.XSHG,中证腾安价值100指数,ZZTA,2013-11-18,2200-01-01,index
000849.XSHG,沪深300非银行金融指数,300FY,2012-12-21,2200-01-01,index
000850.XSHG,沪深300有色金属指数,300YS,2012-12-21,2018-12-25,index
000851.XSHG,中证百度百发策略100指数,BF100,2014-07-30,2200-01-01,index
000852.XSHG,中证1000指数,ZZ1000,2014-10-17,2200-01-01,index
000853.XSHG,中证申万一带一路主题投资指数,CSSWSL,2015-04-23,2200-01-01,index
000854.XSHG,500原料,500YL,2013-11-06,2200-01-01,index
000855.XSHG,央视财经500指数,YS500,2014-11-03,2200-01-01,index
000856.XSHG,500工业,500GY,2013-11-06,2200-01-01,index
000857.XSHG,500医药,500YY,2013-11-06,2200-01-01,index
000858.XSHG,500信息,500XX,2013-11-06,2200-01-01,index
000891.XSHG,中国战略新兴产业综合指数,XXZZ,2017-01-25,2200-01-01,index
000901.XSHG,小康指数,XKZS,2010-04-01,2200-01-01,index
000902.XSHG,中证流通,ZZLT,2006-02-27,2200-01-01,index
000903.XSHG,中证100,ZZ100,2006-05-29,2200-01-01,index
000904.XSHG,中证200,ZZ200,2007-01-15,2200-01-01,index
000905.XSHG,中证500,ZZ500,2007-01-15,2200-01-01,index
000906.XSHG,中证800,ZZ800,2007-01-15,2200-01-01,index
000907.XSHG,中证700,ZZ700,2007-01-15,2200-01-01,index
000908.XSHG,300能源,300NY,2007-07-02,2200-01-01,index
000909.XSHG,300材料,300CL,2007-07-02,2200-01-01,index
000910.XSHG,300工业,300GY,2007-07-02,2200-01-01,index
000911.XSHG,300可选,300KX,2007-07-02,2200-01-01,index
000912.XSHG,300消费,300XF,2007-07-02,2200-01-01,index
000913.XSHG,300医药,300YY,2007-07-02,2200-01-01,index
000914.XSHG,300金融,300JR,2007-07-02,2200-01-01,index
000915.XSHG,300信息,300XX,2007-07-02,2200-01-01,index
000916.XSHG,300电信,300DX,2007-07-02,2200-01-01,index
000917.XSHG,300公用,300GY,2007-07-02,2200-01-01,index
000918.XSHG,300成长,300CZ,2008-01-21,2200-01-01,index
000919.XSHG,300价值,300JZ,2008-01-21,2200-01-01,index
000920.XSHG,300R成长,300RCZ,2008-01-21,2200-01-01,index
000921.XSHG,300R价值,300RJZ,2008-01-21,2200-01-01,index
000922.XSHG,中证红利,ZZHL,2008-05-26,2200-01-01,index
000923.XSHG,公司债,GSZ,2008-11-19,2200-01-01,index
000925.XSHG,基本面50,JBM50,2009-02-26,2200-01-01,index
000926.XSHG,中证央企,ZZYQ,2009-03-30,2200-01-01,index
000927.XSHG,央企100,YQ100,2009-03-30,2200-01-01,index
000928.XSHG,中证能源,ZZNY,2009-07-03,2200-01-01,index
000929.XSHG,中证材料,ZZCL,2009-07-03,2200-01-01,index
000930.XSHG,中证工业,ZZGY,2009-07-03,2200-01-01,index
000931.XSHG,中证可选,ZZKX,2009-07-03,2200-01-01,index
000932.XSHG,中证消费,ZZXF,2009-07-03,2200-01-01,index
000933.XSHG,中证医药,ZZYY,2009-07-03,2200-01-01,index
000934.XSHG,中证金融,ZZJR,2009-07-03,2200-01-01,index
000935.XSHG,中证信息,ZZXX,2009-07-03,2200-01-01,index
000936.XSHG,中证电信,ZZDX,2009-07-03,2200-01-01,index
000937.XSHG,中证公用,ZZGY,2009-07-03,2200-01-01,index
000938.XSHG,中证民企,ZZMQ,2009-08-25,2200-01-01,index
000939.XSHG,民企200,MQ200,2009-08-25,2200-01-01,index
000940.XSHG,财富大盘,CFDP,2009-09-25,2200-01-01,index
000941.XSHG,新能源,XNY,2009-10-28,2200-01-01,index
000942.XSHG,内地消费,NDXF,2009-10-28,2200-01-01,index
000943.XSHG,内地基建,NDJJ,2009-10-28,2200-01-01,index
000944.XSHG,内地资源,NDZY,2009-10-28,2200-01-01,index
000945.XSHG,内地运输,NDYS,2009-10-28,2200-01-01,index
000946.XSHG,内地金融,NDJR,2009-10-28,2200-01-01,index
000947.XSHG,内地银行,NDYH,2009-10-28,2200-01-01,index
000948.XSHG,内地地产,NDDC,2009-10-28,2200-01-01,index
000949.XSHG,内地农业,NDNY,2009-10-28,2200-01-01,index
000950.XSHG,300基建,300JJ,2009-10-28,2200-01-01,index
000951.XSHG,300银行,300YH,2009-10-28,2200-01-01,index
000952.XSHG,300地产,300DC,2009-10-28,2200-01-01,index
000953.XSHG,中证地企,ZZDQ,2010-02-09,2200-01-01,index
000954.XSHG,地企100,DQ100,2010-02-09,2200-01-01,index
000955.XSHG,中证国企,ZZGQ,2010-02-09,2200-01-01,index
000956.XSHG,国企200,GQ200,2010-02-09,2200-01-01,index
000957.XSHG,300运输,300YS,2009-06-16,2200-01-01,index
000958.XSHG,创业成长,CYCZ,2010-03-24,2200-01-01,index
000959.XSHG,银河99,YH99,2010-02-09,2200-01-01,index
000960.XSHG,中证龙头,ZZLT,2010-02-09,2200-01-01,index
000961.XSHG,中证上游,ZZSY,2010-04-16,2200-01-01,index
000962.XSHG,中证中游,ZZZY,2010-04-16,2200-01-01,index
000963.XSHG,中证下游,ZZXY,2010-04-16,2200-01-01,index
000964.XSHG,中证新兴,ZZXX,2010-04-30,2200-01-01,index
000965.XSHG,基本200,JB200,2010-06-02,2200-01-01,index
000966.XSHG,基本400,JB400,2010-06-02,2200-01-01,index
000967.XSHG,基本600,JB600,2010-06-02,2200-01-01,index
000968.XSHG,300周期,300ZQ,2010-05-28,2200-01-01,index
000969.XSHG,300非周,300FZ,2010-05-28,2200-01-01,index
000970.XSHG,ESG40,ESG40,2010-09-17,2200-01-01,index
000971.XSHG,等权90,DQ90,2010-12-02,2200-01-01,index
000972.XSHG,300沪市,300HS,2010-12-02,2200-01-01,index
000973.XSHG,技术领先,JSLX,2011-01-04,2018-02-02,index
000974.XSHG,中证800金融指数,800JR,2013-05-09,2200-01-01,index
000975.XSHG,钱江30,QJ30,2014-01-02,2200-01-01,index
000976.XSHG,新华金牛,XHJN,2014-02-18,2017-04-10,index
000977.XSHG,内地低碳,NDDT,2011-01-21,2200-01-01,index
000978.XSHG,医药100,YY100,2011-03-18,2200-01-01,index
000979.XSHG,大宗商品,DZSP,2011-08-22,2200-01-01,index
000980.XSHG,中证超大,ZZCD,2011-05-10,2200-01-01,index
000981.XSHG,300分层,300FC,2011-06-13,2200-01-01,index
000982.XSHG,500等权,500DQ,2011-06-13,2200-01-01,index
000983.XSHG,智能资产,ZNZC,2011-06-17,2200-01-01,index
000984.XSHG,300等权,300DQ,2011-08-02,2200-01-01,index
000985.XSHG,中证全指,ZZQZ,2011-08-02,2200-01-01,index
000986.XSHG,全指能源,QZNY,2011-08-02,2200-01-01,index
000987.XSHG,全指材料,QZCL,2011-08-02,2200-01-01,index
000988.XSHG,全指工业,QZGY,2011-08-02,2200-01-01,index
000989.XSHG,全指可选,QZKX,2011-08-02,2200-01-01,index
000990.XSHG,全指消费,QZXF,2011-08-02,2200-01-01,index
000991.XSHG,全指医药,QZYY,2011-08-02,2200-01-01,index
000992.XSHG,全指金融,QZJR,2011-08-02,2200-01-01,index
000993.XSHG,全指信息,QZXX,2011-08-02,2200-01-01,index
000994.XSHG,全指电信,QZDX,2011-08-02,2200-01-01,index
000995.XSHG,全指公用,QZGY,2011-08-02,2200-01-01,index
000996.XSHG,领先行业,LXHY,2011-08-02,2018-02-02,index
000997.XSHG,大消费,DXF,2011-11-11,2018-02-02,index
000998.XSHG,中证TMT,ZZTMT,2011-11-08,2200-01-01,index
000999.XSHG,中证两岸三地500指数,LASD,2010-01-18,2018-07-10,index
399001.XSHE,深证成指,SZCZ,1995-01-23,2200-01-01,index
399002.XSHE,深成指R,SCZR,1995-01-23,2200-01-01,index
399003.XSHE,成份B指,CFBZ,1995-01-23,2200-01-01,index
399004.XSHE,深证100R,SZ100R,2003-01-02,2200-01-01,index
399005.XSHE,中小板指,ZXBZ,2006-01-24,2200-01-01,index
399006.XSHE,创业板指,CYBZ,2010-06-01,2200-01-01,index
399007.XSHE,深证300,SZ300,2009-11-04,2200-01-01,index
399008.XSHE,中小300,ZX300,2010-03-22,2200-01-01,index
399009.XSHE,深证200,SZ200,2011-09-01,2200-01-01,index
399010.XSHE,深证700,SZ700,2011-09-01,2200-01-01,index
399011.XSHE,深证1000,SZ1000,2011-09-01,2200-01-01,index
399012.XSHE,创业300,CY300,2013-01-07,2200-01-01,index
399013.XSHE,深市精选,SSJX,2014-05-30,2200-01-01,index
399015.XSHE,深证中小创新指数,ZXCX,2015-03-24,2200-01-01,index
399016.XSHE,深证创新指数,SZCX,2016-12-01,2200-01-01,index
399017.XSHE,中小板创新指数,SMECX,2016-12-01,2200-01-01,index
399018.XSHE,创业板创新指数,CYCX,2016-12-01,2200-01-01,index
399050.XSHE,创新引擎,CXYQ,2018-07-31,2200-01-01,index
399100.XSHE,新指数,XZS,2006-02-16,2200-01-01,index
399101.XSHE,中小板综,ZXBZ,2005-12-01,2200-01-01,index
399102.XSHE,创业板综合指数,CYBZ,2010-08-20,2200-01-01,index
399103.XSHE,乐富指数,LFZS,2011-12-02,2200-01-01,index
399106.XSHE,深证综指,SZZZ,1991-04-04,2200-01-01,index
399107.XSHE,深证A指,SZAZ,1992-10-04,2200-01-01,index
399108.XSHE,深证B指,SZBZ,1992-10-06,2200-01-01,index
399231.XSHE,农林指数,NLZS,2013-03-04,2200-01-01,index
399232.XSHE,采矿指数,CKZS,2013-03-04,2200-01-01,index
399233.XSHE,制造指数,ZZZS,2013-03-04,2200-01-01,index
399234.XSHE,水电指数,SDZS,2013-03-04,2200-01-01,index
399235.XSHE,建筑指数,JZZS,2013-03-04,2200-01-01,index
399236.XSHE,批零指数,PLZS,2013-03-04,2200-01-01,index
399237.XSHE,运输指数,YSZS,2013-03-04,2200-01-01,index
399238.XSHE,餐饮指数,CYZS,2013-03-04,2200-01-01,index
399239.XSHE,IT指数,ITZS,2013-03-04,2200-01-01,index
399240.XSHE,金融指数,JRZS,2013-03-04,2200-01-01,index
399241.XSHE,地产指数,DCZS,2013-03-04,2200-01-01,index
399242.XSHE,商务指数,SWZS,2013-03-04,2200-01-01,index
399243.XSHE,科研指数,KYZS,2013-03-04,2200-01-01,index
399244.XSHE,公共指数,GGZS,2013-03-04,2200-01-01,index
399248.XSHE,文化指数,WHZS,2013-03-04,2200-01-01,index
399249.XSHE,综企指数,ZQZS,2013-03-04,2200-01-01,index
399290.XSHE,深转交债,SZJZ,2019-06-06,2200-01-01,index
399292.XSHE,民企发展,MQFZ,2019-03-05,2200-01-01,index
399293.XSHE,创业大盘,CYDP,2019-04-18,2200-01-01,index
399294.XSHE,中小创Q,ZXCQ,2019-06-06,2200-01-01,index
399295.XSHE,创业蓝筹,CYLC,2019-01-23,2200-01-01,index
399296.XSHE,创成长,CCC,2019-01-23,2200-01-01,index
399298.XSHE,深证中高等级信用债指数,SXZG,2014-09-25,2200-01-01,index
399299.XSHE,深证中低等级信用债指数,SXZD,2014-09-25,2200-01-01,index
399300.XSHE,沪深300,HS300,2005-04-08,2200-01-01,index
399301.XSHE,深信用债,SXYZ,2013-01-11,2200-01-01,index
399302.XSHE,深公司债,SGSZ,2013-01-11,2200-01-01,index
399303.XSHE,国证2000,GZ2000,2014-03-28,2200-01-01,index
399305.XSHE,基金指数,JJZS,2000-07-03,2017-06-30,index
399306.XSHE,深证ETF,SZETF,2011-12-02,2200-01-01,index
399307.XSHE,深证转债,SZZZ,2014-08-27,2200-01-01,index
399310.XSHE,国证50,GZ50,2005-09-05,2200-01-01,index
399311.XSHE,国证1000,GZ1000,2005-02-03,2200-01-01,index
399312.XSHE,国证300,GZ300,2005-02-03,2200-01-01,index
399313.XSHE,巨潮100,JC100,2005-02-03,2200-01-01,index
399314.XSHE,巨潮大盘,JCDP,2005-02-03,2200-01-01,index
399315.XSHE,巨潮中盘,JCZP,2005-02-03,2200-01-01,index
399316.XSHE,巨潮小盘,JCXP,2005-02-03,2200-01-01,index
399317.XSHE,国证A指,GZAZ,2005-02-03,2200-01-01,index
399318.XSHE,巨潮B股指数,JCBZ,2005-02-03,2200-01-01,index
399319.XSHE,资源优势,ZYYS,2005-01-04,2200-01-01,index
399320.XSHE,国证服务,GZFW,2005-01-04,2200-01-01,index
399321.XSHE,国证红利,GZHL,2005-01-04,2200-01-01,index
399322.XSHE,国证治理,GZZL,2005-12-12,2200-01-01,index
399324.XSHE,深证红利,SZHL,2006-01-24,2200-01-01,index
399326.XSHE,成长40,CZ40,2006-01-24,2200-01-01,index
399328.XSHE,深证治理,SZZL,2006-01-24,2200-01-01,index
399330.XSHE,深证100,SZ100,2006-01-24,2200-01-01,index
399332.XSHE,深证创新(旧),SZCX,2006-02-27,2016-11-29,index
399333.XSHE,中小板R,ZXBR,2006-12-27,2200-01-01,index
399335.XSHE,深证央企,SZYQ,2009-08-03,2200-01-01,index
399337.XSHE,深证民营,SZMY,2009-08-03,2200-01-01,index
399339.XSHE,深证科技,SZKJ,2009-08-03,2200-01-01,index
399341.XSHE,深证责任,SZZR,2009-08-03,2200-01-01,index
399344.XSHE,深证300R,SZ300R,2009-11-04,2200-01-01,index
399346.XSHE,深证成长,SZCZ,2009-11-04,2200-01-01,index
399348.XSHE,深证价值,SZJZ,2009-11-04,2200-01-01,index
399350.XSHE,皖江30,WJ30,2012-12-18,2200-01-01,index
399351.XSHE,深报指数,SBZS,2004-09-01,2200-01-01,index
399352.XSHE,深报综指,SBZZ,2005-02-03,2200-01-01,index
399353.XSHE,国证物流,GZWL,2005-03-01,2200-01-01,index
399354.XSHE,分析师指数,FXSZS,2006-11-25,2200-01-01,index
399355.XSHE,长三角,ZSJ,2007-07-02,2200-01-01,index
399356.XSHE,珠三角,ZSJ,2007-07-02,2200-01-01,index
399357.XSHE,环渤海,HBH,2007-07-02,2200-01-01,index
399358.XSHE,泰达指数,TDZS,2008-01-02,2200-01-01,index
399359.XSHE,国证基建,GZJJ,2009-08-03,2200-01-01,index
399360.XSHE,国证装备,GZZB,2009-08-03,2200-01-01,index
399361.XSHE,国证商业,GZSY,2009-08-03,2200-01-01,index
399362.XSHE,国证民营,GZMY,2009-08-03,2200-01-01,index
399363.XSHE,计算机指,JSJZ,2009-08-03,2200-01-01,index
399364.XSHE,中金消费,ZJXF,2009-08-03,2200-01-01,index
399365.XSHE,国证农业,GZNY,2009-11-04,2200-01-01,index
399366.XSHE,国证大宗,GZDZ,2009-11-04,2200-01-01,index
399367.XSHE,巨潮地产,JCDC,2009-11-04,2200-01-01,index
399368.XSHE,国证军工,GZJG,2009-11-04,2200-01-01,index
399369.XSHE,CBN-兴全,CBNXQ,2009-11-04,2200-01-01,index
399370.XSHE,国证成长,GZCZ,2010-01-04,2200-01-01,index
399371.XSHE,国证价值,GZJZ,2010-01-04,2200-01-01,index
399372.XSHE,大盘成长,DPCZ,2010-01-04,2200-01-01,index
399373.XSHE,大盘价值,DPJZ,2010-01-04,2200-01-01,index
399374.XSHE,中盘成长,ZPCZ,2010-01-04,2200-01-01,index
399375.XSHE,中盘价值,ZPJZ,2010-01-04,2200-01-01,index
399376.XSHE,小盘成长,XPCZ,2010-01-04,2200-01-01,index
399377.XSHE,小盘价值,XPJZ,2010-01-04,2200-01-01,index
399378.XSHE,南方低碳,NFDT,2010-09-20,2200-01-01,index
399379.XSHE,国证基金,GZJJ,2011-12-02,2200-01-01,index
399380.XSHE,国证ETF,GZETF,2011-12-02,2200-01-01,index
399381.XSHE,1000能源,1000NY,2011-12-02,2200-01-01,index
399382.XSHE,1000材料,1000CL,2011-12-02,2200-01-01,index
399383.XSHE,1000工业,1000GY,2011-12-02,2200-01-01,index
399384.XSHE,1000可选,1000KX,2011-12-02,2200-01-01,index
399385.XSHE,1000消费,1000XF,2011-12-02,2200-01-01,index
399386.XSHE,1000医药,1000YY,2011-12-02,2200-01-01,index
399387.XSHE,1000金融,1000JR,2011-12-02,2200-01-01,index
399388.XSHE,1000信息,1000XX,2011-12-02,2200-01-01,index
399389.XSHE,国证通信,GZTX,2011-12-02,2200-01-01,index
399390.XSHE,1000公用,1000GY,2011-12-02,2200-01-01,index
399391.XSHE,投资时钟,TZSZ,2012-03-26,2200-01-01,index
399392.XSHE,国证新兴,GZXX,2012-03-28,2200-01-01,index
399393.XSHE,国证地产,GZDC,2012-08-20,2200-01-01,index
399394.XSHE,国证医药,GZYY,2012-10-29,2200-01-01,index
399395.XSHE,国证有色,GZYS,2012-10-29,2200-01-01,index
399396.XSHE,国证食品,GZSP,2012-10-29,2200-01-01,index
399397.XSHE,OCT文化,OCTWH,2012-11-09,2200-01-01,index
399398.XSHE,绩效指数,JXZS,2012-11-19,2200-01-01,index
399399.XSHE,中经GDP,ZJGDP,2012-11-23,2200-01-01,index
399400.XSHE,大中盘,DZP,2013-03-20,2200-01-01,index
399401.XSHE,中小盘,ZXP,2013-03-20,2200-01-01,index
399402.XSHE,周期100,ZQ100,2013-10-28,2200-01-01,index
399403.XSHE,防御100,FY100,2013-10-28,2200-01-01,index
399404.XSHE,大盘低波,DPDB,2013-12-05,2200-01-01,index
399405.XSHE,大盘高贝,DPGB,2013-12-05,2200-01-01,index
399406.XSHE,中盘低波,ZPDB,2013-12-05,2200-01-01,index
399407.XSHE,中盘高贝,ZPGB,2013-12-05,2200-01-01,index
399408.XSHE,小盘低波,XPDB,2013-12-05,2200-01-01,index
399409.XSHE,小盘高贝,XPGB,2013-12-05,2200-01-01,index
399410.XSHE,苏州率先,SZLX,2013-12-12,2200-01-01,index
399411.XSHE,红利100,HL100,2014-04-10,2200-01-01,index
399412.XSHE,国证新能,GZXN,2014-05-16,2200-01-01,index
399413.XSHE,国证转债,GZZZ,2014-08-27,2200-01-01,index
399415.XSHE,I100,I100,2014-09-12,2200-01-01,index
399416.XSHE,I300,I300,2014-09-12,2200-01-01,index
399417.XSHE,国证新能源汽车指数,XNYC,2014-09-24,2200-01-01,index
399418.XSHE,国证国家安全指数,GZGA,2014-11-21,2200-01-01,index
399419.XSHE,国证高铁指数,GZGT,2014-12-10,2200-01-01,index
399420.XSHE,国证保险证券指数,GZBZ,2014-12-10,2200-01-01,index
399423.XSHE,中关村50指数,ZGC50,2015-02-05,2200-01-01,index
399427.XSHE,国证德高行专利领先指数,ZLLX,2015-02-17,2200-01-01,index
399428.XSHE,国证定向增发指数,GZDZ,2015-02-17,2200-01-01,index
399429.XSHE,新丝路指数,XSL,2015-01-08,2200-01-01,index
399431.XSHE,国证银行行业指数,GZYH,2014-12-30,2200-01-01,index
399432.XSHE,国证汽车与汽车零配件行业指数,GZQC,2014-12-30,2200-01-01,index
399433.XSHE,国证交通运输行业指数,GZJY,2014-12-30,2200-01-01,index
399434.XSHE,国证传媒行业指数,GZCM,2014-12-30,2200-01-01,index
399435.XSHE,国证农牧渔产品行业指数,GZNM,2014-12-30,2200-01-01,index
399436.XSHE,国证煤炭行业指数,GZMT,2014-12-30,2200-01-01,index
399437.XSHE,国证证券行业指数,GZZQ,2014-12-30,2200-01-01,index
399438.XSHE,国证电力公用事业行业指数,GZDL,2014-12-30,2200-01-01,index
399439.XSHE,国证石油天然气行业指数,GZYQ,2014-12-30,2200-01-01,index
399440.XSHE,国证黑色金属行业指数,GZGT,2014-12-30,2200-01-01,index
399441.XSHE,国证生物医药指数,SWYY,2015-01-20,2200-01-01,index
399481.XSHE,企债指数,QZZS,2003-01-02,2200-01-01,index
399550.XSHE,央视50,YS50,2012-06-06,2200-01-01,index
399551.XSHE,央视创新,YSCX,2013-06-06,2200-01-01,index
399552.XSHE,央视成长,YSCZ,2013-06-06,2200-01-01,index
399553.XSHE,央视回报,YSHB,2013-06-06,2200-01-01,index
399554.XSHE,央视治理,YSZL,2013-06-06,2200-01-01,index
399555.XSHE,央视责任,YSZR,2013-06-06,2200-01-01,index
399556.XSHE,央视生态,YSST,2014-06-06,2200-01-01,index
399557.XSHE,央视文化,YSWH,2014-06-06,2200-01-01,index
399602.XSHE,中小成长,ZXCZ,2010-05-24,2200-01-01,index
399604.XSHE,中小价值,ZXJZ,2010-05-24,2200-01-01,index
399606.XSHE,创业板R,CYBR,2010-06-01,2200-01-01,index
399608.XSHE,科技100,KJ100,2010-10-18,2200-01-01,index
399610.XSHE,TMT50,TMT50,2010-11-08,2200-01-01,index
399611.XSHE,中创100R,ZC100R,2011-02-28,2200-01-01,index
399612.XSHE,中创100,ZC100,2011-02-28,2200-01-01,index
399613.XSHE,深证能源,SZNY,2011-06-15,2200-01-01,index
399614.XSHE,深证材料,SZCL,2011-06-15,2200-01-01,index
399615.XSHE,深证工业,SZGY,2011-06-15,2200-01-01,index
399616.XSHE,深证可选,SZKX,2011-06-15,2200-01-01,index
399617.XSHE,深证消费,SZXF,2011-06-15,2200-01-01,index
399618.XSHE,深证医药,SZYY,2011-06-15,2200-01-01,index
399619.XSHE,深证金融,SZJR,2011-06-15,2200-01-01,index
399620.XSHE,深证信息,SZXX,2011-06-15,2200-01-01,index
399621.XSHE,深证电信,SZDX,2011-06-15,2200-01-01,index
399622.XSHE,深证公用,SZGY,2011-06-15,2200-01-01,index
399623.XSHE,中小基础,ZXJC,2011-07-25,2200-01-01,index
399624.XSHE,中创400,ZC400,2011-08-15,2200-01-01,index
399625.XSHE,中创500,ZC500,2011-08-15,2200-01-01,index
399626.XSHE,中创成长,ZCCZ,2011-08-15,2200-01-01,index
399627.XSHE,中创价值,ZCJZ,2011-08-15,2200-01-01,index
399628.XSHE,700成长,700CZ,2011-09-01,2200-01-01,index
399629.XSHE,700价值,700JZ,2011-09-01,2200-01-01,index
399630.XSHE,1000成长,1000CZ,2011-09-01,2200-01-01,index
399631.XSHE,1000价值,1000JZ,2011-09-01,2200-01-01,index
399632.XSHE,深100EW,S100EW,2011-10-28,2200-01-01,index
399633.XSHE,深300EW,S300EW,2011-10-28,2200-01-01,index
399634.XSHE,中小板EW,ZXBEW,2011-10-28,2200-01-01,index
399635.XSHE,创业板EW,CYBEW,2011-10-28,2200-01-01,index
399636.XSHE,深证装备,SZZB,2011-11-15,2200-01-01,index
399637.XSHE,深证地产,SZDC,2011-11-15,2200-01-01,index
399638.XSHE,深证环保,SZHB,2011-11-15,2200-01-01,index
399639.XSHE,深证大宗,SZDZ,2011-11-15,2200-01-01,index
399640.XSHE,创业基础,CYJC,2012-01-16,2200-01-01,index
399641.XSHE,深证新兴,SZXX,2012-02-01,2200-01-01,index
399642.XSHE,中小新兴,ZXXX,2012-02-01,2200-01-01,index
399643.XSHE,创业新兴,CYXX,2012-02-01,2200-01-01,index
399644.XSHE,深证时钟,SZSZ,2012-03-26,2200-01-01,index
399645.XSHE,100低波,100DB,2012-06-12,2200-01-01,index
399646.XSHE,深消费50,SXF50,2012-08-06,2200-01-01,index
399647.XSHE,深医药50,SYY50,2012-08-06,2200-01-01,index
399648.XSHE,深证GDP,SZGDP,2012-08-08,2200-01-01,index
399649.XSHE,中小红利,ZXHL,2012-08-20,2200-01-01,index
399650.XSHE,中小治理,ZXZL,2012-08-20,2200-01-01,index
399651.XSHE,中小责任,ZXZR,2012-08-20,2200-01-01,index
399652.XSHE,中创高新,ZCGX,2012-09-17,2200-01-01,index
399653.XSHE,深证龙头,SZLT,2012-09-25,2200-01-01,index
399654.XSHE,深证文化,SZWH,2012-11-09,2200-01-01,index
399655.XSHE,深证绩效,SZJX,2012-11-19,2200-01-01,index
399656.XSHE,100绩效,100JX,2012-11-19,2200-01-01,index
399657.XSHE,300绩效,300JX,2012-11-19,2200-01-01,index
399658.XSHE,中小绩效,ZXJX,2012-11-19,2200-01-01,index
399659.XSHE,深成指EW,SCZEW,2012-11-23,2200-01-01,index
399660.XSHE,中创EW,ZCEW,2012-11-23,2200-01-01,index
399661.XSHE,深证低波,SZDB,2012-12-20,2200-01-01,index
399662.XSHE,深证高贝,SZGB,2012-12-20,2200-01-01,index
399663.XSHE,中小低波,ZXDB,2012-12-20,2200-01-01,index
399664.XSHE,中小高贝,ZXGB,2012-12-20,2200-01-01,index
399665.XSHE,中创低波,ZCDB,2012-12-20,2200-01-01,index
399666.XSHE,中创高贝,ZCGB,2012-12-20,2200-01-01,index
399667.XSHE,创业板G,CYBG,2013-01-07,2200-01-01,index
399668.XSHE,创业板V,CYBV,2013-01-07,2200-01-01,index
399669.XSHE,深证农业,SZNY,2013-06-24,2200-01-01,index
399670.XSHE,深周期50,SZQ50,2013-10-28,2200-01-01,index
399671.XSHE,深防御50,SFY50,2013-10-28,2200-01-01,index
399672.XSHE,深红利50,SHL50,2014-04-10,2200-01-01,index
399673.XSHE,创业板50,CYB50,2014-06-18,2200-01-01,index
399674.XSHE,深A医药卫生指数,SAYY,2015-06-08,2200-01-01,index
399675.XSHE,深A软件与互联网指数,SHLW,2015-06-08,2200-01-01,index
399676.XSHE,深A医药卫生等权指数,SYYEW,2015-06-08,2200-01-01,index
399677.XSHE,深A软件与互联网等权指数,SHLEW,2015-06-08,2200-01-01,index
399678.XSHE,深证次新股指数,SCXG,2015-06-18,2200-01-01,index
399679.XSHE,深证200指数,SZ200,2015-06-18,2200-01-01,index
399680.XSHE,深成能源行业指数,SCNY,2015-08-31,2200-01-01,index
399681.XSHE,深成原材料行业指数,SCCL,2015-08-31,2200-01-01,index
399682.XSHE,深成工业行业指数,SCGY,2015-08-31,2200-01-01,index
399683.XSHE,深成可选消费行业指数,SCKX,2015-08-31,2200-01-01,index
399684.XSHE,深成主要消费行业指数,SCXF,2015-08-31,2200-01-01,index
399685.XSHE,深成医药卫生行业指数,SCYY,2015-08-31,2200-01-01,index
399686.XSHE,深成金融地产行业指数,SCJR,2015-08-31,2200-01-01,index
399687.XSHE,深成信息技术行业指数,SCXX,2015-08-31,2200-01-01,index
399688.XSHE,深成电信业务行业指数,SCDX,2015-08-31,2200-01-01,index
399689.XSHE,深成公用事业行业指数,SCGY,2015-08-31,2200-01-01,index
399690.XSHE,深证中小板专利领先指数,ZXZL,2016-05-23,2200-01-01,index
399691.XSHE,深证创业板专利领先指数,CYZL,2016-05-23,2200-01-01,index
399692.XSHE,创业300低波动率指数,CYDB,2016-12-20,2200-01-01,index
399693.XSHE,安防产业,AFCY,2016-06-20,2200-01-01,index
399694.XSHE,创业高贝,CYGB,2016-12-20,2200-01-01,index
399695.XSHE,深证节能环保指数,SZJN,2017-04-28,2200-01-01,index
399696.XSHE,深证创投,SZCT,2016-10-21,2200-01-01,index
399697.XSHE,中关村60,ZGC60,2017-01-10,2200-01-01,index
399698.XSHE,深证优势成长,YSCZ,2017-06-15,2200-01-01,index
399699.XSHE,金融科技,JRKJ,2017-06-09,2200-01-01,index
399701.XSHE,深证F60,SZF60,2010-05-10,2200-01-01,index
399702.XSHE,深证F120,SZF120,2010-05-10,2200-01-01,index
399703.XSHE,深证F200,SZF200,2010-05-10,2200-01-01,index
399704.XSHE,深证上游,SZSY,2011-10-18,2200-01-01,index
399705.XSHE,深证中游,SZZY,2011-10-18,2200-01-01,index
399706.XSHE,深证下游,SZXY,2011-10-18,2200-01-01,index
399707.XSHE,中证申万证券行业指数,CSSWZQ,2015-04-16,2200-01-01,index
399802.XSHE,500深市,500SS,2012-09-05,2200-01-01,index
399803.XSHE,中证工业4.0指数,GY4.0,2015-03-10,2200-01-01,index
399804.XSHE,中证体育产业指数,ZZTY,2015-02-09,2200-01-01,index
399805.XSHE,中证互联网金融指数,HLJR,2015-02-10,2200-01-01,index
399806.XSHE,中证环境治理指数,HJZL,2014-07-21,2200-01-01,index
399807.XSHE,中证高铁产业指数,GTCY,2015-01-20,2200-01-01,index
399808.XSHE,中证新能源指数,ZZXN,2015-02-10,2200-01-01,index
399809.XSHE,中证方正富邦保险主题指数,BXZT,2015-02-13,2200-01-01,index
399810.XSHE,中证申万传媒行业投资指数,CSSWCM,2015-08-03,2200-01-01,index
399811.XSHE,中证申万电子行业投资指数,CSSWDZ,2015-08-03,2200-01-01,index
399812.XSHE,中证养老产业指数,YLCY,2014-06-06,2200-01-01,index
399813.XSHE,中证国防安全指数,ZZGA,2015-01-29,2200-01-01,index
399814.XSHE,中证大农业指数,DNY,2014-07-22,2200-01-01,index
399817.XSHE,中证阿拉善生态主题100指数,ST100,2015-10-21,2200-01-01,index
399901.XSHE,中证南方小康产业指数,XKZS,2010-04-01,2200-01-01,index
399902.XSHE,中证流通指数,ZZLT,2006-02-27,2200-01-01,index
399903.XSHE,中证100指数,ZZ100,2006-05-29,2200-01-01,index
399904.XSHE,中证中盘200指数,ZZ200,2007-01-15,2200-01-01,index
399905.XSHE,中证500,ZZ500,2007-01-15,2200-01-01,index
399906.XSHE,中证800指数,ZZ800,2007-01-15,2200-01-01,index
399907.XSHE,中证中小盘700指数,ZZ700,2007-01-15,2200-01-01,index
399908.XSHE,沪深300能源指数,300NY,2007-07-02,2200-01-01,index
399909.XSHE,沪深300原材料指数,300CL,2007-07-02,2200-01-01,index
399910.XSHE,沪深300工业指数,300GY,2007-07-02,2200-01-01,index
399911.XSHE,沪深300可选消费指数,300KX,2007-07-02,2200-01-01,index
399912.XSHE,沪深300主要消费指数,300XF,2007-07-02,2200-01-01,index
399913.XSHE,沪深300医药卫生指数,300YY,2007-07-02,2200-01-01,index
399914.XSHE,沪深300金融地产指数,300JR,2007-07-02,2200-01-01,index
399915.XSHE,沪深300信息技术指数,300XX,2007-07-02,2200-01-01,index
399916.XSHE,沪深300电信业务指数,300DX,2007-07-02,2200-01-01,index
399917.XSHE,沪深300公用事业指数,300GY,2007-07-02,2200-01-01,index
399918.XSHE,沪深300成长指数,300CZ,2008-01-21,2200-01-01,index
399919.XSHE,沪深300价值指数,300JZ,2008-01-21,2200-01-01,index
399920.XSHE,沪深300相对成长指数,300RCZ,2008-01-21,2200-01-01,index
399922.XSHE,中证红利指数,ZZHL,2008-05-26,2200-01-01,index
399923.XSHE,公司债,GSZ,2008-11-19,2200-01-01,index
399925.XSHE,中证锐联基本面50指数,JBM50,2009-02-26,2200-01-01,index
399926.XSHE,中证中央企业综合指数,ZZYQ,2009-03-30,2200-01-01,index
399927.XSHE,中证中央企业100指数,YQ100,2009-03-30,2200-01-01,index
399928.XSHE,中证能源指数,ZZNY,2009-07-03,2200-01-01,index
399929.XSHE,中证原材料指数,ZZCL,2009-07-03,2200-01-01,index
399930.XSHE,中证工业指数,ZZGY,2009-07-03,2200-01-01,index
399931.XSHE,中证可选消费指数,ZZKX,2009-07-03,2200-01-01,index
399932.XSHE,中证主要消费指数,ZZXF,2009-07-03,2200-01-01,index
399933.XSHE,中证医药卫生指数,ZZYY,2009-07-03,2200-01-01,index
399934.XSHE,中证金融地产指数,ZZJR,2009-07-03,2200-01-01,index
399935.XSHE,中证信息技术指数,ZZXX,2009-07-03,2200-01-01,index
399936.XSHE,中证电信业务指数,ZZDX,2009-07-03,2200-01-01,index
399937.XSHE,中证公用事业指数,ZZGY,2009-07-03,2200-01-01,index
399938.XSHE,中证民营企业综合指数,ZZMQ,2009-08-25,2200-01-01,index
399939.XSHE,中证民营企业200指数,MQ200,2009-08-25,2200-01-01,index
399940.XSHE,中证财富大盘指数,CFDP,2009-09-25,2015-04-29,index
399941.XSHE,中证内地新能源主题指数,XNY,2009-10-28,2200-01-01,index
399942.XSHE,中证内地消费主题指数,NDXF,2009-10-28,2200-01-01,index
399943.XSHE,中证内地基建主题指数,NDJJ,2009-10-28,2200-01-01,index
399944.XSHE,中证内地资源主题指数,NDZY,2009-10-28,2200-01-01,index
399945.XSHE,中证内地运输主题指数,NDYS,2009-10-28,2200-01-01,index
399946.XSHE,中证内地金融主题指数,NDJR,2009-10-28,2200-01-01,index
399947.XSHE,中证内地银行主题指数,NDYH,2009-10-28,2200-01-01,index
399948.XSHE,中证内地地产主题指数,NDDC,2009-10-28,2200-01-01,index
399949.XSHE,中证内地农业主题指数,NDNY,2009-10-28,2200-01-01,index
399950.XSHE,沪深300基建主题指数,300JJ,2009-10-28,2200-01-01,index
399951.XSHE,沪深300银行指数,300YH,2009-10-28,2200-01-01,index
399952.XSHE,沪深300地产指数,300DC,2009-10-28,2200-01-01,index
399953.XSHE,中证地方国有企业综合指数,ZZDQ,2010-02-09,2200-01-01,index
399954.XSHE,中证地方国有企业100指数,DQ100,2010-02-09,2200-01-01,index
399955.XSHE,中证国有企业综合指数,ZZGQ,2010-02-09,2200-01-01,index
399956.XSHE,中证国有企业200指数,GQ200,2010-02-09,2200-01-01,index
399957.XSHE,沪深300运输指数,300YS,2009-06-16,2200-01-01,index
399958.XSHE,中证创业成长指数,CYCZ,2010-03-24,2200-01-01,index
399959.XSHE,军工指数,JGZS,2011-08-30,2200-01-01,index
399960.XSHE,中证龙头企业指数,ZZLT,2010-02-09,2200-01-01,index
399961.XSHE,中证上游资源产业指数,ZZSY,2010-04-16,2200-01-01,index
399962.XSHE,中证中游制造产业指数,ZZZY,2010-04-16,2200-01-01,index
399963.XSHE,中证下游消费与服务产业指数,ZZXY,2010-04-16,2200-01-01,index
399964.XSHE,中证新兴产业指数,ZZXX,2010-04-30,2200-01-01,index
399965.XSHE,800地产,800DC,2014-04-04,2200-01-01,index
399966.XSHE,800非银,800FY,2014-04-04,2200-01-01,index
399967.XSHE,中证军工,ZZJG,2013-12-26,2200-01-01,index
399968.XSHE,沪深300周期行业指数,300ZQ,2010-05-28,2200-01-01,index
399969.XSHE,沪深300非周期行业指数,300FZ,2010-05-28,2200-01-01,index
399970.XSHE,中证移动互联网指数,YDHL,2014-05-05,2200-01-01,index
399971.XSHE,中证传媒指数,ZZCM,2014-04-15,2200-01-01,index
399972.XSHE,300深市,300SS,2012-06-21,2200-01-01,index
399973.XSHE,中证国防指数,ZZGF,2014-04-15,2200-01-01,index
399974.XSHE,中证国有企业改革指数,GQGG,2014-08-07,2200-01-01,index
399975.XSHE,中证全指证券公司指数(四级行业),ZQGS,2013-07-15,2200-01-01,index
399976.XSHE,中证新能源汽车指数,XNYC,2014-11-28,2200-01-01,index
399977.XSHE,中证内地低碳经济主题指数,NDDT,2011-01-21,2200-01-01,index
399978.XSHE,中证医药100指数,YY100,2011-03-18,2200-01-01,index
399979.XSHE,中证大宗商品股票指数,DZSP,2011-08-22,2200-01-01,index
399980.XSHE,中证超级大盘指数,ZZCD,2011-05-10,2200-01-01,index
399981.XSHE,沪深300行业分层等权重指数,300FC,2011-06-13,2200-01-01,index
399982.XSHE,中证500等权重指数,500DQ,2011-06-13,2200-01-01,index
399983.XSHE,沪深300地产等权重指数,DCDQ,2013-11-22,2200-01-01,index
399984.XSHE,沪深300等权重指数,300DQ,2011-08-02,2015-04-29,index
399985.XSHE,中证全指指数,ZZQZ,2011-08-02,2200-01-01,index
399986.XSHE,中证银行指数,ZZYH,2013-07-15,2200-01-01,index
399987.XSHE,中证酒指数,ZZJ,2014-12-10,2200-01-01,index
399989.XSHE,中证医疗指数,ZZYL,2014-10-31,2200-01-01,index
399990.XSHE,中证煤炭等权指数,MTDQ,2015-01-21,2200-01-01,index
399991.XSHE,中证一带一路主题指数,YDYL,2015-02-16,2200-01-01,index
399992.XSHE,中证万得并购重组指数,CSWDBG,2015-05-08,2200-01-01,index
399993.XSHE,中证万得生物科技指数,CSWDSK,2015-05-08,2200-01-01,index
399994.XSHE,中证信息安全主题指数,XXAQ,2015-03-12,2200-01-01,index
399995.XSHE,中证基建工程指数,JJGC,2015-03-12,2200-01-01,index
399996.XSHE,中证智能家居指数,ZNJJ,2014-09-17,2200-01-01,index
399997.XSHE,中证白酒指数,ZZBJ,2015-01-21,2200-01-01,index
399998.XSHE,中证煤炭指数,ZZMT,2015-02-13,2200-01-01,index
